{
    "qty_docs": 499,
    "qty_tokens": 434582,
    "qty_terms": 32244,
    "avg_qty_tokens": 870.9058116232464,
    "avg_qty_terms": 64.61723446893788,
    "avg_len_term": 8.597351445230121,
    "min_tokens_file": 1,
    "max_tokens_file": 138,
    "min_terms_file": 0,
    "max_terms_file": 58,
    "qty_terms_one_appeareance": 16637
}