{
    "0": {
        "doc_sz": 167546,
        "doc_index_sz": 22096,
        "percentage_overhead": "0.131880"
    },
    "1": {
        "doc_sz": 1255996,
        "doc_index_sz": 136864,
        "percentage_overhead": "0.108968"
    },
    "2": {
        "doc_sz": 396594,
        "doc_index_sz": 47792,
        "percentage_overhead": "0.120506"
    },
    "3": {
        "doc_sz": 90502,
        "doc_index_sz": 21672,
        "percentage_overhead": "0.239464"
    }
}